{"bodyname": "Myeia Thaa CK-I d9-1 B 5", "radius": 1601684.5, "heading": "313", "refpos": [2.905408, -145.855026], "pathlist": [[2.904839, -145.852783], [2.903371, -145.846832], [2.902957, -145.844406], [2.902573, -145.842056], [2.902282, -145.839874], [2.903875, -145.830215], [2.903914, -145.82991], [2.903997, -145.829849], [2.904334, -145.829437], [2.904871, -145.828171], [2.904906, -145.828735], [2.905391, -145.829697], [2.904846, -145.829178], [2.904824, -145.829178], [2.905634, -145.829407], [2.905584, -145.829712], [2.90521, -145.829636], [2.904984, -145.829544], [2.904491, -145.829437], [2.903763, -145.8293], [2.903321, -145.829208], [2.903032, -145.8293], [2.903553, -145.829514], [2.904055, -145.829529], [2.904813, -145.829544], [2.904912, -145.829636], [2.905345, -145.829636], [2.905619, -145.829437], [2.904824, -145.829178], [2.904828, -145.829178], [2.904487, -145.829102], [2.90081, -145.828079], [2.898279, -145.827332], [2.891935, -145.81926], [2.890718, -145.81749], [2.890656, -145.817413], [2.887831, -145.814835], [2.880727, -145.809769], [2.873417, -145.804169], [2.869261, -145.800797], [2.856829, -145.787903], [2.854092, -145.785675], [2.844682, -145.779053], [2.82861, -145.77475], [2.822372, -145.774841], [2.808259, -145.770096], [2.80545, -145.770416], [2.806247, -145.770126], [2.805491, -145.770157], [2.804683, -145.770065], [2.8051, -145.770111], [2.805567, -145.769958], [2.806239, -145.770111], [2.805449, -145.770416], [2.805449, -145.770401], [2.799209, -145.773788], [2.796116, -145.777878], [2.801086, -145.79126], [2.805766, -145.794495], [2.807402, -145.795929], [2.809715, -145.797119], [2.809022, -145.796646], [2.809028, -145.796646], [2.809715, -145.797134], [2.809714, -145.797119], [2.811577, -145.798401], [2.818482, -145.802567], [2.821329, -145.804382], [2.820579, -145.804016], [2.821329, -145.804382], [2.821316, -145.804367], [2.826644, -145.806976], [2.834615, -145.810852], [2.842457, -145.823563], [2.843712, -145.824539], [2.842994, -145.824097], [2.842956, -145.823975], [2.843009, -145.824097], [2.843712, -145.824539], [2.843435, -145.824326], [2.843394, -145.824265], [2.846554, -145.826385], [2.850719, -145.829208], [2.854674, -145.831894], [2.858491, -145.834473], [2.862321, -145.837067], [2.865203, -145.839752], [2.867775, -145.842484], [2.869311, -145.844131], [2.871421, -145.846375], [2.875607, -145.85083], [2.881847, -145.857483], [2.890172, -145.866348]], "POIlist": [[[2.902282, -145.839874], "Str", 1], [[2.903914, -145.82991], "Tus", 1], [[2.904334, -145.829437], "Bac", 1], [[2.903032, -145.8293], "Str", 2], [[2.805491, -145.770157], "Str", 2], [[2.809022, -145.796646], "Str", 2], [[2.820579, -145.804016], "Tus", 2], [[2.842956, -145.823975], "Tus", 2]]}